resname,resnum,chain,pKa_previsto,pH_referencia,estado_atribuido,anomalia
ASP,8,A,3.37,8.2,carregada (padrao),
ASP,11,A,4.27,8.2,carregada (padrao),
ASP,74,A,3.07,8.2,carregada (padrao),
ASP,92,A,2.89,8.2,carregada (padrao),
ASP,115,A,3.26,8.2,carregada (padrao),
ASP,182,A,4.59,8.2,carregada (padrao),
ASP,187,A,3.69,8.2,carregada (padrao),
ASP,210,A,3.72,8.2,carregada (padrao),
GLU,6,A,4.75,8.2,carregada (padrao),
GLU,51,A,5.06,8.2,carregada (padrao),
GLU,82,A,2.63,8.2,carregada (padrao),
GLU,90,A,4.55,8.2,carregada (padrao),
GLU,125,A,4.42,8.2,carregada (padrao),
GLU,137,A,4.66,8.2,carregada (padrao),
GLU,155,A,4.38,8.2,carregada (padrao),
GLU,206,A,5.32,8.2,carregada (padrao),
GLU,225,A,4.49,8.2,carregada (padrao),
HIS,28,A,4.25,8.2,neutra (HID/HIE),
HIS,45,A,6.97,8.2,neutra (HID/HIE),
HIS,81,A,4.86,8.2,neutra (HID/HIE),
HIS,91,A,5.92,8.2,neutra (HID/HIE),
HIS,109,A,6.15,8.2,neutra (HID/HIE),
HIS,197,A,6.88,8.2,neutra (HID/HIE),
CYS,30,A,99.99,8.2,SH neutro,
CYS,46,A,99.99,8.2,SH neutro,
CYS,157,A,99.99,8.2,SH neutro,
CYS,173,A,99.99,8.2,SH neutro,
CYS,184,A,99.99,8.2,SH neutro,
CYS,208,A,99.99,8.2,SH neutro,
